,Title,Year,User Score,Description,Director,Screenplay,Type,Revenue,Length,Budget,Original Language,Videos,Backdrops,Posters
0,The Wild Robot,2024,87,"After a shipwreck, an intelligent robot called Roz is stranded on an uninhabited island. To survive the harsh environment, Roz bonds with the island's animals and cares for an orphaned baby goose.",Chris Sanders,Chris Sanders,"Animation, Science Fiction, Family","$196,822,000.00",1h 42m,"$78,000,000.00",English,36,44,182
1,Alien: Romulus,2024,73,"While scavenging the deep ends of a derelict space station, a group of young space colonizers come face to face with the most terrifying life form in the universe.",Fede Álvarez,N/A,"Science Fiction, Horror","$348,521,150.00",1h 59m,"$80,000,000.00",English,52,135,327
2,The Substance,2024,73,"A fading celebrity decides to use a black market drug, a cell-replicating substance that temporarily creates a younger, better version of herself.",Coralie Fargeat,N/A,"Horror, Drama, Science Fiction","$29,106,531.00",2h 21m,"$17,500,000.00",English,9,94,206
3,Deadpool & Wolverine,2024,77,"A listless Wade Wilson toils away in civilian life with his days as the morally flexible mercenary, Deadpool, behind him. But when his homeworld faces an existential threat, Wade must reluctantly suit-up again with an even more reluctant Wolverine.",Shawn Levy,N/A,"Action, Comedy, Science Fiction","$1,334,640,330.00",2h 8m,"$200,000,000.00",English,48,143,397
4,Azrael,2024,61,"In a world where no one speaks, a devout female hunts down a young woman who has escaped her imprisonment. Recaptured by its ruthless leaders, Azrael is due to be sacrificed to pacify an ancient evil deep within the surrounding wilderness.",E.L. Katz,N/A,"Action, Horror, Thriller",-,1h 26m,"$12,000,000.00",English,3,11,17
5,Beetlejuice Beetlejuice,2024,72,"After a family tragedy, three generations of the Deetz family return home to Winter River. Still haunted by Betelgeuse, Lydia's life is turned upside down when her teenage daughter, Astrid, accidentally opens the portal to the Afterlife.",Tim Burton,Alfred Gough,"Comedy, Fantasy, Horror","$434,090,643.00",1h 45m,"$100,000,000.00",English,20,55,225
6,The Platform 2,2024,57,"After a mysterious leader imposes his law in a brutal system of vertical cells, a new arrival battles against a dubious food distribution method.",Galder Gaztelu-Urrutia,Galder Gaztelu-Urrutia,"Science Fiction, Thriller, Drama",-,1h 40m,-,Spanish; Castilian,3,24,51
7,Despicable Me 4,2024,71,"Gru and Lucy and their girls—Margo, Edith and Agnes—welcome a new member to the Gru family, Gru Jr., who is intent on tormenting his dad. Gru also faces a new nemesis in Maxime Le Mal and his femme fatale girlfriend Valentina, forcing the family to go on the run.",Chris Renaud,N/A,"Animation, Family, Comedy, Action","$953,140,610.00",1h 34m,"$100,000,000.00",English,29,66,222
8,Inside Out 2,2024,76,"Teenager Riley's mind headquarters is undergoing a sudden demolition to make room for something entirely unexpected: new Emotions! Joy, Sadness, Anger, Fear and Disgust, who’ve long been running a successful operation by all accounts, aren’t sure how to feel when Anxiety shows up. And it looks like she’s not alone.",Kelsey Mann,Meg LeFauve,"Animation, Family, Adventure, Comedy, Drama","$1,682,636,477.00",1h 37m,"$200,000,000.00",English,33,96,495
9,Terrifier 3,2024,70,"Five years after surviving Art the Clown's Halloween massacre, Sienna and Jonathan are still struggling to rebuild their shattered lives. As the holiday season approaches, they try to embrace the Christmas spirit and leave the horrors of the past behind. But just when they think they're safe, Art returns, determined to turn their holiday cheer into a new nightmare. The festive season quickly unravels as Art unleashes his twisted brand of terror, proving that no holiday is safe.",Damien Leone,N/A,"Horror, Thriller","$41,267,606.00",2h 5m,"$2,000,000.00",English,8,37,100
10,Hellboy: The Crooked Man,2024,50,"Hellboy and a rookie BPRD agent get stranded in 1950s rural Appalachia. There, they discover a small community haunted by witches, led by a local devil with a troubling connection to Hellboy's past: the Crooked Man.",Brian Taylor,Brian Taylor,"Fantasy, Horror, Action","$1,289,658.00",1h 40m,-,English,3,32,53
11,Never Let Go,2024,61,"As an evil takes over the world beyond their front doorstep, the only protection for a mother and her twin sons is their house and their family’s protective bond.",Alexandre Aja,N/A,"Horror, Drama","$13,111,608.00",1h 41m,"$20,000,000.00",English,6,9,41
12,Project Silence,2024,71,"Due to sudden deteriorating weather conditions, visibility on the Airport Bridge is severely impaired, leaving people stranded and at risk of the bridge collapsing due to a series of chain collisions and explosions. Amidst the chaos, the canine subjects ""Echo"" from the military experiment ""Project Silence,"" who were being transported in secret, break free, and all human survivors become targets of relentless attacks.",Kim Tae-gon,N/A,"Action, Thriller, Horror, Science Fiction",-,1h 36m,"$14,750,000.00",Korean,2,24,34
13,Transmorphers: Mech Beasts,2023,53,"20 years after the events of Transmorphers, a newer, more advanced species of alien robot descends on a rebuilt Earth, threatening once again to destroy the planet.",Michael Su,N/A,"Action, Science Fiction","$65,452.00",1h 24m,-,English,1,3,3
14,Smile 2,2024,71,"About to embark on a new world tour, global pop sensation Skye Riley begins experiencing increasingly terrifying and inexplicable events. Overwhelmed by the escalating horrors and the pressures of fame, Skye is forced to face her dark past to regain control of her life before it spirals out of control.",Parker Finn,N/A,"Horror, Mystery","$46,000,000.00",2h 7m,"$28,000,000.00",English,24,25,82
15,Venom: The Last Dance,2024,74,"Eddie and Venom are on the run. Hunted by both of their worlds and with the net closing in, the duo are forced into a devastating decision that will bring the curtains down on Venom and Eddie's last dance.",Kelly Marcel,Kelly Marcel,"Action, Science Fiction, Adventure",-,1h 49m,"$110,000,000.00",English,16,35,82
16,Joker: Folie à Deux,2024,58,"While struggling with his dual identity, Arthur Fleck not only stumbles upon true love, but also finds the music that's always been inside him.",Todd Phillips,N/A,"Drama, Crime, Thriller","$164,959,127.00",2h 18m,"$195,000,000.00",English,31,70,219
17,The Crow,2024,58,"Soulmates Eric and Shelly are brutally murdered when the demons of her dark past catch up with them. Given the chance to save his true love by sacrificing himself, Eric sets out to seek merciless revenge on their killers, traversing the worlds of the living and the dead to put the wrong things right.",Rupert Sanders,Zach Baylin,"Action, Fantasy, Horror","$13,690,814.00",1h 51m,"$50,000,000.00",English,11,45,152
18,Heavenly Touch,2009,60,"Jonard is having trouble making ends meet. His mother is suffering from depression, and he and his sister are forced to quit school in order to take care of her. One day, Jonard meets up his friend Rodel, and Rodel introduces him to the world of massage parlors. Rodel teaches him massage, and brings him to Heavenly Touch, a syndicate-run massage parlor that mostly caters to homosexuals.",Joel Lamangan,Enrique Ramos,"Drama, Romance",-,1h 29m,-,Tagalog,0,2,7
19,Uprising,2024,73,"In the Joseon Dynasty, two friends who grew up together — one the master and one the servant — reunite post-war as enemies on opposing sides.",Kim Sang-man,N/A,"Action, Drama, History",-,2h 6m,-,Korean,4,51,46
20,Corpse Bride,2005,76,"Set in a 19th-century European village, this stop-motion animation feature follows the story of Victor, a young man whisked away to the underworld and wed to a mysterious corpse bride, while his real bride Victoria waits bereft in the land of the living.",Tim Burton,Pamela Pettler,"Romance, Fantasy, Animation","$118,133,252.00",1h 17m,"$40,000,000.00",English,7,25,64
21,The Killer's Game,2024,63,"When top hitman Joe Flood is diagnosed with a terminal illness, he decides to take matters into his own hands – by taking a hit out on himself. But when the very hitmen he hired also target his ex-girlfriend, he must fend off an army of assassin colleagues and win back the love of his life before it's too late.",J.J. Perry,James Coyne,"Action, Comedy, Crime","$5,090,881.00",1h 44m,"$30,000,000.00",English,3,20,32
22,Bad Boys: Ride or Die,2024,75,"After their late former Captain is framed, Lowrey and Burnett try to clear his name, only to end up on the run themselves.",Adil El Arbi,N/A,"Action, Comedy","$402,529,640.00",1h 55m,"$100,000,000.00",English,21,57,139
23,Terrifier,2018,64,A maniacal clown named Art terrorizes three young women on Halloween night and everyone else who stands in his way.,Damien Leone,N/A,"Horror, Thriller","$416,322.00",1h 25m,"$35,000.00",English,3,15,42
24,Terrifier 2,2022,68,"A year after the Miles County massacre, Art the Clown is resurrected by a sinister entity. Art returns home, where he must hunt down and destroy teenage Sienna and her younger brother Jonathan on Halloween. As the body count rises, the siblings fight to stay alive while uncovering the true nature of Art's evil intent.",Damien Leone,N/A,"Horror, Thriller","$15,740,003.00",2h 18m,"$250,000.00",English,6,23,65
25,The Bad Guys: Haunted Heist,2024,75,The crafty Bad Guys crew embarks on a high-stakes Halloween heist to swipe a priceless amulet from a spooky mansion. What could go wrong?,Kevin Peaty,N/A,"Animation, Comedy",-,25m,-,English,2,9,26
26,Flow,2024,89,"The world seems to be coming to an end, teeming with the vestiges of a human presence. Cat is a solitary animal, but as its home is devastated by a great flood, he finds refuge on a boat populated by various species, and will have to team up with them despite their differences. In the lonesome boat sailing through mystical overflowed landscapes, they navigate the challenges and dangers of adapting to this new world.",Gints Zilbalodis,N/A,"Animation, Fantasy, Adventure",-,1h 24m,-,No Language,3,26,14
27,Speak No Evil,2024,74,"When an American family is invited to spend the weekend at the idyllic country estate of a charming British family they befriended on vacation, what begins as a dream holiday soon warps into a snarled psychological nightmare.",James Watkins,N/A,"Horror, Thriller","$73,094,555.00",1h 50m,"$15,000,000.00",English,11,29,91
28,The Silent Hour,2024,68,"While working a case as an interpreter, a hearing-impaired police detective must confront a group of criminals trying to eliminate a deaf murder witness in her apartment building.",Brad Anderson,N/A,"Crime, Thriller, Action",-,1h 35m,-,English,1,18,18
29,The Inseparables,2023,66,"The animated buddy movie follows the misadventures of Don, a runaway puppet with boundless imaginations, and DJ Doggy Dog, an abandoned plush looking for a friend, who cross paths in Central Park and team up against all odds for a epic friendship adventure in New York.",Jérémie Degruson,Jérémie Degruson,"Animation, Adventure, Comedy, Family","$311,198.00",1h 30m,-,English,5,15,53
30,Trouble,2024,69,"Wrongfully convicted of murder, a clumsy electronics salesman faces police corruption and criminal conspiracies in an attempt to prove his innocence.",Jon Holmberg,N/A,"Action, Comedy, Crime",-,1h 38m,-,Swedish,1,8,21
31,It Ends with Us,2024,72,"When a woman's first love suddenly reenters her life, her relationship with a charming, but abusive neurosurgeon is upended, and she realizes she must learn to rely on her own strength to make an impossible choice for her future.",Justin Baldoni,Christy Hall,"Romance, Drama","$334,836,337.00",2h 11m,"$25,000,000.00",English,35,28,83
32,The Most Wonderful Time of the Year,2024,54,"Sideshow Bob teams up with the most infamous villains of Disney+ to share the true meaning of the Halloween season. Filled with music, mayhem, and madness, this short from ""The Simpsons"" is simply to die for.",David Silverman,N/A,"Animation, Comedy",-,3m,-,English,0,8,7
33,Winnie-the-Pooh: Blood and Honey 2,2024,62,"Five months following the murders, Christopher Robin tries returning to his regular life while dealing with his PTSD. Deep within the 100-Acre-Wood, a destructive rage grows as Winnie-the-Pooh, Piglet, Owl, and Tigger find their home and their lives endangered after their existence is revealed.",Rhys Frake-Waterfield,Matt Leslie,"Horror, Thriller","$7,582,541.00",1h 33m,"$415,000.00",English,5,25,68
34,Wolfs,2024,66,"Hired to cover up a high-profile crime, a fixer soon finds his night spiralling out of control when he's forced to work with an unexpected counterpart.",Jon Watts,N/A,"Comedy, Thriller, Action",-,1h 48m,"$80,000,000.00",English,16,43,80
35,Blood for Dust,2024,56,"Reckless Ricky makes serious money dealing illegal weapons throughout the tri-state area and loves to flaunt it. Traveling salesman Cliff, covers the same territory Ricky runs guns through. Desperate to find some financial relief for his struggling family, Cliff agrees to partner with Ricky, to commit cross-state drug and gun deliveries for a mid-level American cartel boss John. When a simple exchange turns into a bloodbath after Ricky kills everyone in a territory grab, the pair find themselves in a pressure cooker situation where unlikely drug dealer Cliff must fight as hard as he can to stay alive.",Rod Blackhurst,N/A,"Action, Crime, Thriller",-,1h 38m,-,English,11,20,28
36,Bangkok Breaking: Heaven and Hell,2024,65,"When a dedicated rescue worker inadvertently gets caught up in the kidnapping plot of a mogul's tween daughter, he must save her from the clutches of rival gangs hunting them down with unpredictable dangers around every corner.",Kongkiat Khomsiri,Kongkiat Khomsiri,"Action, Crime, Drama, Thriller",-,2h 27m,-,Thai,1,7,21
37,Daddy's Head,2024,57,A boy and his stepmother fear for their safety after an eerie creature resembling the boy's recently deceased father visits them.,Benjamin Barfoot,N/A,Horror,-,1h 32m,-,English,1,12,8
38,Transformers One,2024,75,"The untold origin story of Optimus Prime and Megatron, better known as sworn enemies, but once were friends bonded like brothers who changed the fate of Cybertron forever.",Josh Cooley,Andrew Barrer,"Animation, Science Fiction, Adventure, Family, Action","$118,464,909.00",1h 44m,"$75,000,000.00",English,33,66,190
39,IF,2024,73,A young girl who goes through a difficult experience begins to see everyone's imaginary friends who have been left behind as their real-life friends have grown up.,John Krasinski,N/A,"Comedy, Fantasy, Family","$186,240,904.00",1h 44m,"$110,000,000.00",English,33,56,220
40,Borderlands,2024,58,"Returning to her home planet, an infamous bounty hunter forms an unexpected alliance with a team of unlikely heroes. Together, they battle monsters and dangerous bandits to protect a young girl who holds the key to unimaginable power.",Eli Roth,Eli Roth,"Action, Science Fiction, Comedy","$30,863,794.00",1h 41m,"$115,000,000.00",English,9,37,177
41,Kill 'em All 2,2024,70,"Phillip and Suzanne are retired from the spy game, living peacefully off the grid. That's until their whereabouts are discovered by Vlad, the vengeful brother of their target from the first film.",Valeri Milev,N/A,"Action, Crime, Thriller",-,1h 25m,-,English,2,18,26
42,Venom,2018,68,"Investigative journalist Eddie Brock attempts a comeback following a scandal, but accidentally becomes the host of Venom, a violent, super powerful alien symbiote. Soon, he must rely on his newfound powers to protect the world from a shadowy organization looking for a symbiote of their own.",Ruben Fleischer,Jeff Pinkner,"Science Fiction, Action","$856,085,151.00",1h 52m,"$116,000,000.00",English,11,45,185
43,SpongeBob Squarepants: Kreepaway Kamp,2024,75,"While at Kamp Koral for a reunion, SpongeBob and the gang are stalked by a mysterious figure lurking in the shadows as campers start disappearing one by one!",Fred Osmond,N/A,"TV Movie, Family, Comedy, Horror, Animation",-,45m,-,English,1,2,7
44,The Demon Disorder,2024,56,"The pasts of three brothers and their deceased father collide when a deep, dark family secret is unearthed, leading to a case of revenge from beyond the grave.",Steven Boyle,N/A,Horror,-,1h 26m,-,English,1,7,12
45,Twisters,2024,70,"As storm season intensifies, the paths of former storm chaser Kate Carter and reckless social-media superstar Tyler Owens collide when terrifying phenomena never seen before are unleashed. The pair and their competing teams find themselves squarely in the paths of multiple storm systems converging over central Oklahoma in the fight of their lives.",Lee Isaac Chung,Mark L. Smith,"Action, Adventure, Thriller","$369,590,675.00",2h 3m,"$155,000,000.00",English,30,54,189
46,Hijack 1971,2024,59,"Pilots Tae-in and Gyu-sik are set to fly to Gimpo. Under the guidance of flight attendant Ok-soon, passengers are busy boarding. However, shortly after takeoff, a homemade bomb explodes, turning the cabin into chaos.",Kim Sung-han,N/A,"Crime, Action, Thriller",$14.00,1h 40m,-,Korean,2,22,60
47,Pleasure,2021,62,"19 year old Linnéa leaves her small town in Sweden and heads for Los Angeles with the aim of becoming the world's next big porn star, but the road to her goal turns out to be bumpier than she imagined.",Ninja Thyberg,Ninja Thyberg,Drama,"$393,824.00",1h 48m,"$1,800,000.00",Swedish,9,11,39
48,The Clean Up Crew,2024,51,"When a crime scene clean up crew discovers a briefcase full of money, they must out smart a criminal kingpin and corrupt FBI agents who want it back.",Jon Keeyes,N/A,"Action, Crime, Thriller",-,1h 35m,-,English,4,8,20
49,A Quiet Place: Day One,2024,68,"As New York City is invaded by alien creatures who hunt by sound, a woman named Sam fights to survive with her cat.",Michael Sarnoski,Michael Sarnoski,"Horror, Science Fiction, Thriller","$260,894,737.00",1h 39m,"$67,000,000.00",English,29,75,178
50,Venom: Let There Be Carnage,2021,68,"After finding a host body in investigative reporter Eddie Brock, the alien symbiote must face a new enemy, Carnage, the alter ego of serial killer Cletus Kasady.",Andy Serkis,Kelly Marcel,"Science Fiction, Action, Adventure","$506,863,592.00",1h 37m,"$110,000,000.00",English,27,51,241
51,The Garfield Movie,2024,71,"Garfield, the world-famous, Monday-hating, lasagna-loving indoor cat, is about to have a wild outdoor adventure! After an unexpected reunion with his long-lost father – scruffy street cat Vic – Garfield and his canine friend Odie are forced from their perfectly pampered life into joining Vic in a hilarious, high-stakes heist.",Mark Dindal,Paul A. Kaplan,"Animation, Comedy, Family, Adventure, Action","$230,295,748.00",1h 41m,"$60,000,000.00",English,25,51,259
52,Kingdom of the Planet of the Apes,2024,71,"Several generations following Caesar's reign, apes – now the dominant species – live harmoniously while humans have been reduced to living in the shadows. As a new tyrannical ape leader builds his empire, one young ape undertakes a harrowing journey that will cause him to question all he's known about the past and to make choices that will define a future for apes and humans alike.",Wes Ball,N/A,"Science Fiction, Adventure, Action","$397,366,385.00",2h 25m,"$160,000,000.00",English,77,94,327
53,V/H/S/Beyond,2024,71,"The infinite playground of forbidden worlds and dangerous lifeforms offered by the sci-fi horror genre will lead to the biggest, maddest, bloodiest V/H/S ever.",Virat Pal,Jordan Downey,"Horror, Science Fiction, Thriller",-,1h 54m,-,English,2,16,8
54,Terrifier,2011,63,"After witnessing a brutal murder on Halloween night, a young woman becomes the next target of a maniacal entity.",Damien Leone,N/A,Horror,-,19m,-,English,1,3,5
55,Coco,2017,82,"Despite his family’s baffling generations-old ban on music, Miguel dreams of becoming an accomplished musician like his idol, Ernesto de la Cruz. Desperate to prove his talent, Miguel finds himself in the stunning and colorful Land of the Dead following a mysterious chain of events. Along the way, he meets charming trickster Hector, and together, they set off on an extraordinary journey to unlock the real story behind Miguel's family history.",Lee Unkrich,Adrian Molina,"Family, Animation, Music, Adventure","$807,816,196.00",1h 45m,"$175,000,000.00",English,18,34,199
56,My Fault,2023,79,"Noah must leave her city, boyfriend, and friends to move into William Leister's mansion, the flashy and wealthy husband of her mother Rafaela. As a proud and independent 17 year old, Noah resists living in a mansion surrounded by luxury. However, it is there where she meets Nick, her new stepbrother, and the clash of their strong personalities becomes evident from the very beginning.",Domingo González,N/A,"Romance, Drama",-,1h 57m,-,Spanish; Castilian,19,10,48
57,Subservience,2024,67,"With his wife out sick, a struggling father brings home a lifelike AI, only to have his self-aware new help want everything her new family has to offer... Like the affection of her owner and she'll kill to get it.",SK Dale,Will Honley,"Science Fiction, Thriller, Horror","$159,422.00",1h 45m,"$4,400,000.00",English,6,14,36
58,Kung Fu Panda 4,2024,71,"Po is gearing up to become the spiritual leader of his Valley of Peace, but also needs someone to take his place as Dragon Warrior. As such, he will train a new kung fu practitioner for the spot and will encounter a villain called the Chameleon who conjures villains from the past.",Mike Mitchell,N/A,"Animation, Family, Fantasy, Action","$543,900,620.00",1h 34m,"$80,000,000.00",English,47,63,163
59,Salem's Lot,2024,62,Author Ben Mears returns to his childhood home of Jerusalem's Lot only to discover his hometown is being preyed upon by a bloodthirsty vampire.,Gary Dauberman,Gary Dauberman,"Horror, Mystery",-,1h 53m,-,English,1,25,38
60,The Nightmare Before Christmas,1993,78,"Tired of scaring humans every October 31 with the same old bag of tricks, Jack Skellington, the spindly king of Halloween Town, kidnaps Santa Claus and plans to deliver shrunken heads and other ghoulish gifts to children on Christmas morning. But as Christmas approaches, Jack's rag-doll girlfriend, Sally, tries to foil his misguided plans.",Henry Selick,Caroline Thompson,"Fantasy, Animation, Family","$75,634,409.00",1h 16m,"$18,000,000.00",English,7,48,106
61,No Voltees,2024,80,"When two siblings return to their childhood home, they are confronted by a violent, supernatural presence that dwells deep within their worst traumas.",Alejandro Hidalgo,N/A,Horror,-,1h 35m,-,Spanish; Castilian,2,1,2
62,Joker,2019,82,"During the 1980s, a failed stand-up comedian is driven insane and turns to a life of crime and chaos in Gotham City while becoming an infamous psychopathic crime figure.",Todd Phillips,N/A,"Crime, Thriller, Drama","$1,078,958,629.00",2h 2m,"$55,000,000.00",English,31,77,267
63,Furiosa: A Mad Max Saga,2024,75,"As the world fell, young Furiosa is snatched from the Green Place of Many Mothers and falls into the hands of a great Biker Horde led by the Warlord Dementus. Sweeping through the Wasteland they come across the Citadel presided over by The Immortan Joe. While the two Tyrants war for dominance, Furiosa must survive many trials as she puts together the means to find her way home.",George Miller,N/A,"Action, Adventure, Science Fiction","$172,775,791.00",2h 29m,"$170,000,000.00",English,21,104,281
64,Skinford 2: The Curse,2024,20,We don't have an overview translated in English. Help us expand our database by adding one.,Nik Kacevski,N/A,"Thriller, Action",-,N/A,-,Spanish; Castilian,N/A,N/A,N/A
65,Japanese Mom,2017,59,"""Innocent face, D-cup breasts and perfect intercourse skills! Son, this is not your girlfriend anymore but your mother!""  Ki-ho brings Yuki from Japan to marry her. However, he starts cheating on her with his ex-girlfriend in Korea.  Min-cheol comforted Yuki and thought of her as his daughter-in-law, but one day he realizes he is looking at her as a woman.  In the end, Yuki and Min-cheol have intercourse without Ki-ho knowing...",Kim Moo-won,N/A,"Romance, Drama",-,1h 31m,-,Korean,N/A,N/A,N/A
66,Tatsulok: Tatlo Magkasalo,2024,70,"Story about a happily married couple visited by an old friend, who ends up stirring the pot by becoming sexually involved with both the husband and the wife.",Jojo Nadela,N/A,"Drama, Romance",-,1h 1m,-,Tagalog,0,2,1
67,Kill,2024,72,"When an army commando finds out his true love is engaged against her will, he boards a New Dehli-bound train in a daring quest to derail the arranged marriage. But when a gang of knife-wielding thieves begin to terrorize innocent passengers on his train, the commando takes them on himself in a death-defying kill-spree to save those around him — turning what should have been a typical commute into an adrenaline-fueled thrill ride.",Nikhil Nagesh Bhat,Nikhil Nagesh Bhat,"Action, Crime, Thriller, Drama","$5,400,000.00",1h 45m,"$3,000,000.00",Hindi,3,12,41
68,Beetlejuice,1988,74,A newly dead New England couple seeks help from a deranged demon exorcist to scare an affluent New York family out of their home.,Tim Burton,Michael McDowell,"Fantasy, Comedy","$84,554,197.00",1h 32m,"$15,000,000.00",English,9,47,108
69,The Convert,2024,62,"Munro, a soldier turned lay preacher, comes to New Zealand to minister to the first British colonists, but he is converted by the powerful chief Maianui to serve a different purpose.",Lee Tamahori,Lee Tamahori,"Action, Drama","$692,018.00",1h 59m,-,English,2,8,12
70,Saving Bikini Bottom: The Sandy Cheeks Movie,2024,62,"When Bikini Bottom is scooped from the ocean, scientific squirrel Sandy Cheeks and her pal SpongeBob SquarePants saddle up for Texas to save their town.",Liza Johnson,N/A,"Animation, Comedy, Adventure, Family",-,1h 27m,"$100,000,000.00",English,5,19,49
71,Dragonkeeper,2024,73,"Set in Han Imperial China, the plot follows the adventures of enslaved girl Ping with ancient dragon Long Danzi. Dragons had been banished from the kingdom. Ping, an orphan, finds one of the last remaining dragon eggs. Palace guards force Ping to run away in order to return the dragon egg to the ocean and save all dragons from extinction. Ping discovers that she is a true Dragonkeeper.",Salvador Simó,Carole Wilkinson,"Action, Adventure, Animation, Family, Fantasy","$5,427,272.00",1h 39m,"$25,600,000.00",Chinese,2,9,42
72,Caddo Lake,2024,73,"When an 8-year-old girl mysteriously vanishes, a series of past deaths and disappearances begins to link together.",Logan George,Logan George,"Drama, Mystery, Thriller, Science Fiction",-,1h 44m,-,English,2,13,29
73,Civil War,2024,69,"In the near future, a group of war journalists attempt to survive while reporting the truth as the United States stands on the brink of civil war.",Alex Garland,N/A,"War, Action, Drama",-,1h 49m,"$50,000,000.00",English,14,55,224
74,Prey,2024,63,A young couple is compelled to leave their Christian missionary station in the Kalahari Desert after being threatened with death by an extremist militant gang. After crashing their aircraft they must battle man and beast for their lives.,Mukunda Michael Dewil,N/A,"Action, Thriller, Horror",-,1h 26m,-,English,4,14,19
75,Hounds of War,2024,65,"After a mission goes wrong, only one of a group of mercenaries is left alive to avenge his fallen brothers.",Isaac Florentine,N/A,"Action, Thriller",-,1h 34m,-,English,3,18,21
76,Godzilla x Kong: The New Empire,2024,72,"Following their explosive showdown, Godzilla and Kong must reunite against a colossal undiscovered threat hidden within our world, challenging their very existence – and our own.",Adam Wingard,Simon Barrett,"Action, Adventure, Science Fiction","$567,156,493.00",1h 55m,"$150,000,000.00",English,28,121,292
77,King of Killers,2023,65,"Garan is a part of a group of international hitmen who are contracted to take out the most dangerous killer in the world, only to find out that they're the ones being hunted.",Kevin Grevioux,N/A,"Action, Thriller",-,1h 31m,-,English,6,15,22
78,Longlegs,2024,67,"FBI Agent Lee Harker is assigned to an unsolved serial killer case that takes an unexpected turn, revealing evidence of the occult. Harker discovers a personal connection to the killer and must stop him before he strikes again.",Osgood Perkins,N/A,"Horror, Crime","$102,469,694.00",1h 41m,"$10,000,000.00",English,17,85,238
79,xXx,2002,59,"Xander Cage is your standard adrenaline junkie with no fear and a lousy attitude. When the US Government ""recruits"" him to go on a mission, he's not exactly thrilled. His mission: to gather information on an organization that may just be planning the destruction of the world, led by the nihilistic Yorgi.",Rob Cohen,Rich Wilkes,"Action, Adventure, Thriller, Crime","$277,448,382.00",2h 4m,"$70,000,000.00",English,1,21,63
80,Descendants: The Rise of Red,2024,70,"After the Queen of Hearts incites a coup on Auradon, her rebellious daughter Red and Cinderella's perfectionist daughter Chloe join forces and travel back in time to try to undo the traumatic event that set Red's mother down her villainous path.",Jennifer Phang,N/A,"Fantasy, Adventure, Family, Comedy",-,1h 32m,-,English,26,63,63
81,Smile,2022,67,"After witnessing a bizarre, traumatic incident involving a patient, Dr. Rose Cotter starts experiencing frightening occurrences that she can't explain.",Parker Finn,N/A,"Horror, Mystery","$217,408,513.00",1h 55m,"$17,000,000.00",English,9,39,141
82,10 Lives,2024,82,"A pampered cat takes for granted the lucky hand he has been dealt after he is rescued and loved by Rose, a kind-hearted and passionate student. When he loses his ninth life, fate steps in to set him on a transformative journey.",Christopher Jenkins,Christopher Jenkins,"Animation, Comedy, Family, Fantasy",-,1h 24m,-,English,4,5,45
83,"Miraculous World, London: At the Edge of Time",2024,70,"Marinette, now Chronobug, and Bunnyx must save the future by resolving the mystery of who dicovered Marinette's identity as Ladybug, when, and how they stole her Miraculous. Throughout the adventure, they learn that the Butterfly Miraculous has a new holder, the one who unraveled the ultimate secret. Ladybug's only hope is to defeat her opponent to prevent the end of Ladybug.",Thomas Astruc,N/A,"Animation, Adventure, Action, Fantasy",-,49m,-,French,0,19,6
84,The Gigolo,2015,50,"Fung looks like a super-heartthrob and was bon with a special endowment, making him the high school idol. He was expelled from school when he was caught fighting on campus. When his mom, the sole provider of his family with her poultry business, had to stop working due to her back problems, Fung decides to support his family financially. And from that moment, his life takes on a tumultuous change…",Amen Au Cheuk-Man,Amen Au Cheuk-Man,"Romance, Drama, Comedy","$709,136.00",1h 37m,-,Cantonese,0,5,9
85,Blink Twice,2024,68,"When tech billionaire Slater King meets cocktail waitress Frida at his fundraising gala, he invites her to join him and his friends on a dream vacation on his private island. But despite the epic setting, beautiful people, ever-flowing champagne, and late-night dance parties, Frida can sense that there’s something sinister hiding beneath the island’s lush façade.",Zoë Kravitz,N/A,"Mystery, Thriller, Horror","$43,555,474.00",1h 43m,"$20,000,000.00",English,18,28,98
86,The Forge,2024,81,"19 year old Isaiah Wright lives for basketball and video games. A year out of high school, he has no job, no plans, and no idea how to be a man. At odds with his single mother Cynthia, Isaiah is given an ultimatum – to step up or move out. Feeling the pull from his friends and the push from his mom, Isaiah is hired by Moore Fitness, unaware of how the owner will personally impact his life. With the prayers of his mother and unexpected guidance from his new mentor, Isaiah is forced to deal with his past, sacrifice his selfishness and discover how God might have a greater purpose for his life.",Alex Kendrick,N/A,"Drama, Family","$30,631,674.00",2h 3m,"$5,000,000.00",English,3,7,18
87,Migration,2023,74,"After a migrating duck family alights on their pond with thrilling tales of far-flung places, the Mallard family embarks on a family road trip, from New England, to New York City, to tropical Jamaica.",Benjamin Renner,Mike White,"Animation, Action, Adventure, Comedy, Family","$298,776,052.00",1h 23m,"$72,000,000.00",English,31,52,140
88,Gracie & Pedro: Pets to the Rescue,2024,70,"Family frenemies, Gracie and Pedro, must put their differences aside, embarking on a thrilling quest packed with perilous escapades in order to reunite with their owners.",Kevin Donovan,Bruce A. Taylor,"Animation, Adventure, Comedy, Family","$664,443.00",1h 29m,-,English,2,6,32
89,Twilight of the Warriors: Walled In,2024,65,"In 1980s Hong Kong, troubled youth Chan Lok-kwun, a mainland refugee, struggles to survive in the Kowloon Walled City by joining underground fights. Betrayed by crime boss Mr. Big while trying to buy a fake ID, he steals drugs from him and seeks refuge in the Walled City, where he encounters Cyclone, a compassionate yet authoritative crime lord.",Soi Cheang,Lai Chun,"Action, Adventure, Crime, Thriller","$95,335,412.00",2h 5m,"$38,400,000.00",Cantonese,9,35,77
90,Coraline,2009,79,"Wandering her rambling old house in her boring new town, 11-year-old Coraline discovers a hidden door to a strangely idealized version of her life. In order to stay in the fantasy, she must make a frighteningly real sacrifice.",Henry Selick,Henry Selick,"Animation, Family, Fantasy","$172,750,668.00",1h 40m,"$60,000,000.00",English,8,78,97
91,Little Bites,2024,63,"Mindy, a young widow and mother who tries to protect her daughter Alice from a flesh eating monster named Agyar. Mindy has been secretly sacrificing her own life by allowing the creature to feast on her body as she keeps Alice hidden away at her grandmother’s house.",Spider One,N/A,Horror,-,1h 46m,-,English,1,4,8
92,Padre no hay más que uno 4: Campanas de boda,2024,68,"The eldest of the family, Sara, comes of age and brings chaos to the family by announcing her intention to marry Ocho. Javier and Marisa try to avoid it at all costs. At the same time Dani has an existential crisis, Paulita feels jealous of Cris, Carlota announces that she has found a boyfriend from a high society family and Rocio has finally managed to be cast in her first film.",Santiago Segura,Santiago Segura,"Family, Comedy","$20,271.00",1h 39m,-,Spanish; Castilian,0,5,3
93,Fast X,2023,71,"Over many missions and against impossible odds, Dom Toretto and his family have outsmarted, out-nerved and outdriven every foe in their path. Now, they confront the most lethal opponent they've ever faced: A terrifying threat emerging from the shadows of the past who's fueled by blood revenge, and who is determined to shatter this family and destroy everything—and everyone—that Dom loves, forever.",Louis Leterrier,Dan Mazeau,"Action, Crime, Thriller","$704,709,660.00",2h 22m,"$340,000,000.00",English,58,55,290
94,House of Spoils,2024,57,"An ambitious chef opens a restaurant on a remote estate where she battles kitchen chaos, crushing self doubts… and a haunting presence who threatens to sabotage her at every turn.",Bridget Savage Cole,Bridget Savage Cole,"Horror, Thriller",-,1h 41m,-,English,4,15,25
95,Transformers: Rise of the Beasts,2023,73,"When a new threat capable of destroying the entire planet emerges, Optimus Prime and the Autobots must team up with a powerful faction known as the Maximals. With the fate of humanity hanging in the balance, humans Noah and Elena will do whatever it takes to help the Transformers as they engage in the ultimate battle to save Earth.",Steven Caple Jr.,Joby Harold,"Science Fiction, Adventure, Action","$439,000,000.00",2h 7m,"$195,000,000.00",English,50,38,283
96,Outlaw,2024,60,"At the age of nine, Rebeca is sold by her grandmother to the bookseller who ran Rocinha. Disputed by bicheiros and drug dealers, the community is going through changes in power. Rebeca becomes the wife of the chief drug dealer and, with the death of her partner, his successor. The electrifying trajectory of crime, violence, drugs and love of a female drug kingpin in Rocinha, Rio de Janeiro in the 1980s.",João Wainer,N/A,"Action, Crime, Drama",-,1h 20m,-,Portuguese,1,8,15
97,The Maze Runner,2014,72,"Set in a post-apocalyptic world, young Thomas is deposited in a community of boys after his memory is erased, soon learning they're all trapped in a maze that will require him to join forces with fellow “runners” for a shot at escape.",Wes Ball,T.S. Nowlin,"Action, Mystery, Science Fiction, Thriller","$348,319,861.00",1h 53m,"$34,000,000.00",English,2,44,126
98,Kelas Bintang - Hot Moms,2023,100,We don't have an overview translated in English. Help us expand our database by adding one.,N/A,N/A,"Drama, Romance",-,N/A,-,Indonesian,N/A,N/A,N/A
99,Apartment 7A,2024,61,"A struggling young dancer finds herself drawn in by dark forces when a peculiar, well-connected older couple promise her a shot at fame.",Natalie Erika James,Natalie Erika James,"Horror, Thriller",-,1h 46m,-,English,1,42,39
100,Mantra Warrior: The Legend of The Eight Moons,2023,64,"A story inspired by the original RAMAYANA, retold in a futuristic universe, involving brave warriors who possess ancient powers from another dimension.",Jinanavin Veerapatra,Sornperes Subsermsri,"Animation, Action, Adventure, Fantasy, Science Fiction",-,1h 30m,-,Thai,3,2,13
101,God of Pain,2024,72,A man wakes up in the middle of the street with no idea where he is or how he ended up there. Soon he is forced to confront the demons he is battling within before a gateway to the underworld unlocks the secret of Algea the God of Pain.,JD Allen,N/A,"Horror, Science Fiction, Thriller",-,1h 40m,-,English,1,3,5
102,"Miraculous World: Paris, Tales of Shadybug and Claw Noir",2023,72,"Miraculous holders from another world appear in Paris. They come from a parallel universe where everything is reversed: the holders of Ladybug and Black Cat Miraculouses, Shadybug and Claw Noir, are the bad guys, and the holder of the Butterfly Miraculous, Hesperia, is a superhero. Ladybug and Cat Noir will have to help Hesperia counter the attacks of their evil doubles and prevent them from seizing the Butterfly's Miraculous. Can our heroes also help Hesperia make Shadybug and Claw Noir better people?",Thomas Astruc,N/A,"Animation, Adventure, Action, Fantasy, Family",-,48m,-,French,3,12,20
103,An Ideal Father,2024,64,"Michel, the jovial owner of the only café in a small Normandy town, sees his life turned upside down when his teenage daughter is murdered. The community has his back but soon rumor spreads and Michel is singled out. From the ideal father, he becomes the ideal culprit.",Hélène Fillières,Hélène Fillières,"Drama, TV Movie",-,1h 30m,-,French,0,4,2
104,Trap,2024,65,"A father and teen daughter attend a pop concert, where they realize they're at the center of a dark and sinister event.",M. Night Shyamalan,N/A,"Thriller, Crime, Horror","$82,406,909.00",1h 45m,"$30,000,000.00",English,24,49,157
105,Harry Potter and the Philosopher's Stone,2001,79,"Harry Potter has lived under the stairs at his aunt and uncle's house his whole life. But on his 11th birthday, he learns he's a powerful wizard—with a place waiting for him at the Hogwarts School of Witchcraft and Wizardry. As he learns to harness his newfound powers with the help of the school's kindly headmaster, Harry uncovers the truth about his parents' deaths—and about the villain who's to blame.",Chris Columbus,Steve Kloves,"Adventure, Fantasy","$976,475,550.00",2h 32m,"$125,000,000.00",English,28,68,242
106,Afraid,2024,63,Curtis Pike and his family are selected to test a new home device: a digital assistant called AIA. AIA observes the family's behaviors and begins to anticipate their needs. And she can – and will – make sure nothing – and no one – gets in her family's way.,Chris Weitz,N/A,"Horror, Science Fiction, Thriller","$12,567,788.00",1h 24m,"$12,000,000.00",English,15,12,56
107,The Jack in the Box: Rises,2024,69,"When a creepy Jack-in-the-Box is discovered and opened on the grounds of an exclusive girls' school, six brave students soon enter a fight to the finish against the unleashed demon.",Lawrence Fowler,N/A,Horror,"$771,460.00",1h 32m,-,English,1,16,14
108,BLUE LOCK THE MOVIE -EPISODE NAGI-,2024,70,"""That's a hassle."" That was second-year high schooler Nagi Seishirou's favorite phrase as he lived his dull life. Until Mikage Reo, a classmate who dreamed of winning the World Cup, discovered Nagi's hidden skill, inspiring him to play soccer and share his outstanding talent. One day, Nagi Seishiro receives an invitation to the mysterious Blue Lock Project. What awaits him there is an encounter with the finest strikers assembled from across the country. Nagi's dream of becoming the best, alongside Mikage Reo, will take this prodigy to a world he's never known.",Shunsuke Ishikawa,Taku Kishimoto,"Animation, Action, Drama","$11,201,738.00",1h 31m,-,Japanese,2,4,36
109,All Hallows' Eve,2013,57,"While watching two children on Halloween night, a babysitter finds an old VHS tape in the kids' trick or treat bag. The tape features three tales of terror, all linked together by a murderous clown.",Damien Leone,N/A,Horror,-,1h 22m,-,English,1,11,15
110,Moana 2,2024,0,"After receiving an unexpected call from her wayfinding ancestors, Moana journeys alongside Maui and a new crew to the far seas of Oceania and into dangerous, long-lost waters for an adventure unlike anything she's ever faced.",Dana Ledoux Miller,N/A,"Animation, Adventure, Family, Comedy",-,1h 40m,-,English,6,44,114
111,The Shawshank Redemption,1994,87,"Imprisoned in the 1940s for the double murder of his wife and her lover, upstanding banker Andy Dufresne begins a new life at the Shawshank prison, where he puts his accounting skills to work for an amoral warden. During his long stretch in prison, Dufresne comes to be admired by the other inmates -- including an older prisoner named Red -- for his integrity and unquenchable sense of hope.",Frank Darabont,Frank Darabont,"Drama, Crime","$28,341,469.00",2h 22m,"$25,000,000.00",English,18,52,160
112,Officer Black Belt,2024,78,A talented martial artist who can't walk past a person in need unites with a probation officer to fight and prevent crime as a martial arts officer.,Jason Kim,N/A,"Action, Comedy, Crime",-,1h 48m,-,Korean,7,8,29
113,Harold and the Purple Crayon,2024,71,"Inside of his book, adventurous Harold can make anything come to life simply by drawing it. After he grows up and draws himself off the book's pages and into the physical world, Harold finds he has a lot to learn about real life.",Carlos Saldanha,David Guion,"Adventure, Family, Fantasy, Comedy","$24,982,787.00",1h 30m,"$40,000,000.00",English,10,28,73
114,The Flesh,1991,54,"A beautiful film which is basically about a man, a piano player, who meets and falls in love with a beautiful and voluptuous woman, who, by some strange procedure, leaves the man unable to move but with a permanent priapism! After some time he becomes sick of it and she relieves his paralysis. Eventually she gets bored and decides to leave, but he can't take it because he loves her…",Marco Ferreri,N/A,"Drama, Romance",-,1h 30m,-,Italian,0,5,8
115,The Radleys,2024,54,"A seemingly ordinary family harbors a dark secret: they are vampires. They choose not to drink blood despite their natural cravings, but one day, their truth comes to light.",Euros Lyn,N/A,"Comedy, Horror, Thriller",-,1h 55m,-,English,2,10,15
116,Temurun,2024,61,"After their mother dies during a violent break-in, two siblings move in with their estranged father discover their family's sinister heritage.",Inarah Syarafina,N/A,"Horror, Thriller",-,1h 26m,-,Indonesian,3,11,8
117,Hold Your Breath,2024,61,"In 1930s Oklahoma amid the region's horrific dust storms, a woman is convinced that a sinister presence is threatening her family.",Karrie Crouse,Karrie Crouse,"Horror, Thriller, Drama",-,1h 34m,-,English,26,44,48
118,Lonely Planet,2024,59,"At an idyllic writers retreat in Morocco, a newly single novelist finds an unexpected connection with a younger man who's reevaluating his life choices.",Susannah Grant,N/A,"Romance, Drama",-,1h 36m,-,English,4,5,15
119,Dune: Part Two,2024,82,"Follow the mythic journey of Paul Atreides as he unites with Chani and the Fremen while on a path of revenge against the conspirators who destroyed his family. Facing a choice between the love of his life and the fate of the known universe, Paul endeavors to prevent a terrible future only he can foresee.",Denis Villeneuve,Denis Villeneuve,"Science Fiction, Adventure","$711,844,359.00",2h 47m,"$190,000,000.00",English,37,184,427
120,The Godfather,1972,87,"Spanning the years 1945 to 1955, a chronicle of the fictional Italian-American Corleone crime family. When organized crime family patriarch, Vito Corleone barely survives an attempt on his life, his youngest son, Michael steps in to take care of the would-be killers, launching a campaign of bloody revenge.",Francis Ford Coppola,Francis Ford Coppola,"Drama, Crime","$245,066,411.00",2h 55m,"$6,000,000.00",English,21,64,192
121,I Don't Like Younger Men 5,2020,71,"Ha-neul haven't seen her friend, Ye-sol for a long time, and so they spent a good time together. That time, Ye-sol's father, Min-soo enters the house.  Ha-neul sees the young-looking Min-soo and makes a fuss. Ye-sol who is a little bit tipsy tells Ha-neul that he is her stepfather.  That night, Ha-neul secretly entered sexy Min-soo's room...",Kye Jang-hyuk,N/A,Romance,-,1h 21m,-,Korean,0,1,1
122,Gunner,2024,53,"While on a camping trip in order to reconnect, war veteran Colonel Lee Gunner must save his two sons from a gang of violent bikers when they're kidnapped after accidentally stumbling upon to a massive drug operation.",Dimitri Logothetis,N/A,"Action, Thriller, Crime",-,1h 30m,"$20,000,000.00",English,2,10,20
123,My Hero Academia: You're Next,2024,71,"In a society devastated by the effects of an all-out war between heroes and villains, a mysterious giant fortress suddenly appears, engulfing towns and people one after another. Then, a man reminiscent of All Might, the 'symbol of peace', stands in front of Izuku and his friends...",Tensai Okamura,Yosuke Kuroda,"Animation, Action, Adventure, Science Fiction","$26,622,396.00",1h 50m,-,Japanese,4,25,44
124,Rebel Ridge,2024,70,A former Marine confronts corruption in a small town when local law enforcement unjustly seizes the bag of cash he needs to post his cousin's bail.,Jeremy Saulnier,N/A,"Crime, Action, Thriller, Drama",-,2h 12m,-,English,5,38,41
125,Mr. Crocket,2024,47,"A single mother thinks she's found the key to calming her child down – a VHS copy of a strange children's program named Mr. Crocket's World. However, a darker, bloodier secret waits to invade their home from inside the tape.",Brandon Espy,N/A,Horror,-,1h 28m,-,English,5,8,9
126,The Mouse Trap,2024,46,"It's Alex's 21st Birthday, but she's stuck at the amusement arcade on a late shift so her friends decide to surprise her, but a masked killer dressed as Mickey Mouse decides to play a game of his own with them which she must survive.",Jamie Bailey,N/A,"Horror, Thriller, Comedy","$5,737.00",1h 20m,"$800,000.00",English,3,14,17
127,Lassie: A New Adventure,2023,63,"Flo and his trusted Collie pal Lassie spend the summer at Aunt Cosma's, alongside her foster children Kleo and Henry, and her dog Pippa. When local canines start disappearing, including Pippa, Lassie rallies the kids to solve the mystery.",Hanno Olderdissen,N/A,"Adventure, Family","$4,918,295.00",1h 28m,-,German,1,12,28
128,Strange Darling,2024,69,Nothing is what it seems when a twisted one-night stand spirals into a serial killer’s vicious murder spree.,JT Mollner,N/A,"Crime, Horror, Thriller","$3,504,687.00",1h 37m,"$4,000,000.00",English,17,25,90
129,It's What's Inside,2024,64,A pre-wedding reunion descends into a psychological nightmare for a group of college friends when a surprise guest arrives with a mysterious suitcase.,Greg Jardin,N/A,"Comedy, Mystery, Science Fiction",-,1h 43m,-,English,9,31,37
130,The Platform,2019,70,"A slab of food descends down a vertical facility. The residents above eat heartily, leaving those below starving and desperate. A rebellion is imminent.",Galder Gaztelu-Urrutia,David Desola,"Drama, Science Fiction, Thriller","$1,090,116.00",1h 35m,"$1,203,235.00",Spanish; Castilian,3,17,62
131,The Union,2024,63,A New Jersey construction worker goes from regular guy to aspiring spy when his long-lost high school sweetheart recruits him for an espionage mission.,Julian Farino,N/A,"Action, Comedy",-,1h 49m,-,English,6,21,43
132,John Wick: Chapter 4,2023,77,"With the price on his head ever increasing, John Wick uncovers a path to defeating The High Table. But before he can earn his freedom, Wick must face off against a new enemy with powerful alliances across the globe and forces that turn old friends into foes.",Chad Stahelski,N/A,"Action, Thriller, Crime","$440,157,245.00",2h 50m,"$90,000,000.00",English,25,61,261
133,365 Days: This Day,2022,59,"Laura and Massimo are back and hotter than ever. But the reunited couple's new beginning is complicated by Massimo’s family ties and a mysterious man who enters Laura’s life to win her heart and trust, at any cost.",Tomasz Mandes,N/A,"Romance, Drama",-,1h 51m,-,Polish,1,14,25
134,Avengers: Infinity War,2018,82,"As the Avengers and their allies have continued to protect the world from threats too large for any one hero to handle, a new danger has emerged from the cosmic shadows: Thanos. A despot of intergalactic infamy, his goal is to collect all six Infinity Stones, artifacts of unimaginable power, and use them to inflict his twisted will on all of reality. Everything the Avengers have fought for has led up to this moment - the fate of Earth and existence itself has never been more uncertain.",Joe Russo,Stephen McFeely,"Adventure, Action, Science Fiction","$2,052,415,039.00",2h 29m,"$300,000,000.00",English,12,135,378
135,Highlander: The Search for Vengeance,2007,72,"Colin MacLeod hunts for the man responsible for the death of his love. He chases the immortal Marcus Octavius across centuries as his quest threatens to take over his life and heart. In his quest, he meets a woman who reminds him of his slain beauty. But it's his final battle with Marcus that will decide not only his fate, but also the fate of everyone in the world.",Yoshiaki Kawajiri,N/A,"Action, Animation, Fantasy, Science Fiction",-,1h 26m,-,English,1,5,10
136,Amber Alert,2024,66,"An ordinary rideshare becomes a high-stakes game of cat and mouse when Jaq and Shane receive an alert of a child abduction on their phones. Quickly realizing they are behind a car that matches the description of the kidnapper’s, Jaq and Shane desperately race against time to save the child’s life.",Kerry Bellessa,N/A,"Thriller, Drama",-,1h 31m,-,English,1,7,15
137,Spider-Man: No Way Home,2021,80,"Peter Parker is unmasked and no longer able to separate his normal life from the high-stakes of being a super-hero. When he asks for help from Doctor Strange the stakes become even more dangerous, forcing him to discover what it truly means to be Spider-Man.",Jon Watts,N/A,"Action, Adventure, Science Fiction","$1,921,847,111.00",2h 28m,"$200,000,000.00",English,69,109,423
138,Justice League: Crisis on Infinite Earths Part Three,2024,75,"Now fully revealed as the ultimate threat to existence, the Anti-Monitor wages an unrelenting attack on the surviving Earths that struggle for survival in a pocket universe. One by one, these worlds and all their inhabitants are vaporized! On the planets that remain, even time itself is shattered, and heroes from the past join the Justice League and their rag-tag allies against the epitome of evil. But as they make their last stand, will the sacrifice of the superheroes be enough to save us all?",Jeff Wamester,N/A,"Animation, Science Fiction, Action",-,1h 39m,-,English,2,6,19
139,To Be Twenty,1978,59,"Lia and Tina are two beautiful girls who meet and realize that they have a lot in common. They are both young, beautiful and pissed off, so they decide to hitchhike their way to Rome to find Nazariota's commune, a place to stay for free and have all the sex they want... or so they think. Things don't go as they have planned though, and soon they become involved in prostitution, the police and an aggressive gang.",Fernando Di Leo,Fernando Di Leo,Comedy,-,1h 34m,-,Italian,8,9,12
140,Spider-Man: Across the Spider-Verse,2023,84,"After reuniting with Gwen Stacy, Brooklyn’s full-time, friendly neighborhood Spider-Man is catapulted across the Multiverse, where he encounters the Spider Society, a team of Spider-People charged with protecting the Multiverse’s very existence. But when the heroes clash on how to handle a new threat, Miles finds himself pitted against the other Spiders and must set out on his own to save those he loves most.",Kemp Powers,N/A,"Animation, Action, Adventure, Science Fiction","$690,897,910.00",2h 20m,"$100,000,000.00",English,83,261,433
141,The Ministry of Ungentlemanly Warfare,2024,71,"During World War II, the British Army assigns a group of competent soldiers to carry out a mission against the Nazi forces behind enemy lines... A true story about a secret British WWII organization – the Special Operations Executive. Founded by Winston Churchill, their irregular warfare against the Germans helped to change the course of the war, and gave birth to modern black operations.",Guy Ritchie,Guy Ritchie,"Action, Comedy, War","$27,450,915.00",2h,"$60,000,000.00",English,7,45,104
142,Chapel,2024,59,A man becomes a suspect in a serial murder case after waking from a coma with no recollection of who he is.,Courtney Paige,N/A,"Mystery, Thriller",-,1h 32m,-,English,1,5,6
143,The Super Mario Bros. Movie,2023,77,"While working underground to fix a water main, Brooklyn plumbers—and brothers—Mario and Luigi are transported down a mysterious pipe and wander into a magical new world. But when the brothers are separated, Mario embarks on an epic quest to find Luigi.",Michael Jelenic,N/A,"Animation, Family, Adventure, Fantasy, Comedy","$1,362,000,000.00",1h 33m,"$100,000,000.00",English,61,116,323
144,House of Ga'a,2024,58,"At the height of the Oyo Empire, the ferocious Bashorun Ga'a became more powerful than the kings he enthroned, only to be undone by his own blood.",Bolanle Austen-Peters,N/A,"Action, History",-,2h,-,English,1,2,15
145,Kung Fu Games,2024,61,"Notorious fighters are trapped in lethal martial arts games by a sadistic magnate. Armed only with their combat skills, they face brutal battles for survival in a deadly kill-or-be-killed showdown.",Ryan C. Jaeger,Ryan C. Jaeger,Action,-,1h 34m,-,English,1,6,6
146,In Your Dreams,2023,73,"You know the feeling. It feels like time slows down as your eyes meet a stranger’s. Then you walk pass each other, neither of you looking back. That’s what happened with Pelin and Engin. Lo and behold, they open their eyes in the same bed. And you may want to brace yourself for this one, as a two-year married couple! It must be a dream. No, a nightmare. But now, to wake up they must fall in love.",Cemal Alpan,N/A,"Romance, Comedy, Drama",-,N/A,-,Turkish,1,3,7
147,Female Teacher: In Front of the Students,1982,68,"The lovely Reiko has taken a new teaching job at a creepy old high school.  She is an extremely attractive woman and the young students in her class have fallen for her.  One night, after tennis practice, she is brutally assaulted in the locker room shower by a man with a stocking over his face.  Left on the floor naked and in shock, she discovers a single puzzle piece left behind by the crazed man.  A few days later, a pair of students enact a perverted sexual revenge on Reiko for kicking someone off the tennis team.  Could one of these students be the man who brutalized her in the locker room?  Who owns the strange puzzle piece?  As the mystery unfolds, Reiko must come to terms with her own sexual urges and fate.",Yasuaki Uegaki,Masayasu Ōebara,"Drama, Mystery, Horror",-,1h 9m,-,Japanese,0,2,2
148,Under Paris,2024,60,"In order to save Paris from an international bloodbath, a grieving scientist is forced to face her tragic past when a giant shark appears in the Seine.",Xavier Gens,Xavier Gens,"Action, Drama, Horror, Thriller",-,1h 44m,-,French,1,15,59
149,The Marvels,2023,61,"Carol Danvers, aka Captain Marvel, has reclaimed her identity from the tyrannical Kree and taken revenge on the Supreme Intelligence. But unintended consequences see Carol shouldering the burden of a destabilized universe. When her duties send her to an anomalous wormhole linked to a Kree revolutionary, her powers become entangled with that of Jersey City super-fan Kamala Khan, aka Ms. Marvel, and Carol’s estranged niece, now S.A.B.E.R. astronaut Captain Monica Rambeau. Together, this unlikely trio must team up and learn to work in concert to save the universe.",Nia DaCosta,N/A,"Science Fiction, Adventure, Action","$207,089,999.00",1h 45m,"$274,800,000.00",English,29,112,350
150,Late Night with the Devil,2024,73,"A live broadcast of a late-night talk show in 1977 goes horribly wrong, unleashing evil into the nation's living rooms.",Cameron Cairnes,N/A,Horror,"$11,902,746.00",1h 33m,"$2,000,000.00",English,5,17,100
151,Jackpot!,2024,64,"In the near future, a 'Grand Lottery' has been established - the catch: kill the winner before sundown to legally claim their multi-billion dollar jackpot. When Katie Kim mistakenly finds herself with the winning ticket, she reluctantly joins forces with amateur lottery protection agent Noel Cassidy who must get her to sundown in exchange for a piece of her prize.",Paul Feig,N/A,"Comedy, Science Fiction, Action",-,1h 47m,-,English,14,54,69
152,Purpose of Tutoring,2023,55,"Yeong-tak and Ha-na are stepsiblings who live with the support of their divorced adoptive parents. The two begin taking individual private lessons for their respective careers. Yeong-tak secretly gives his acting teacher Na-ri sleeping pills to covet her body, while Ha-na is busy seducing her physical education teacher Han-cheol. Meanwhile, Na-ri and Han-cheol run into each other at the stepsiblings' house, fall in love at first sight, and seek revenge on the two who offended them.",Han Dong-yeon,N/A,"Romance, Drama",-,1h 11m,-,Korean,1,1,1
153,Harry Potter and the Prisoner of Azkaban,2004,80,"Year three at Hogwarts means new fun and challenges as Harry learns the delicate art of approaching a Hippogriff, transforming shape-shifting Boggarts into hilarity and even turning back time. But the term also brings danger: soul-sucking Dementors hover over the school, an ally of the accursed He-Who-Cannot-Be-Named lurks within the castle walls, and fearsome wizard Sirius Black escapes Azkaban. And Harry will confront them all.",Alfonso Cuarón,Steve Kloves,"Adventure, Fantasy","$789,804,554.00",2h 21m,"$130,000,000.00",English,8,85,198
154,Fifty Shades of Grey,2015,59,"When college senior Anastasia Steele steps in for her sick roommate to interview prominent businessman Christian Grey for their campus paper, little does she realize the path her life will take. Christian, as enigmatic as he is rich and powerful, finds himself strangely drawn to Ana, and she to him. Though sexually inexperienced, Ana plunges headlong into an affair -- and learns that Christian's true sexual proclivities push the boundaries of pain and pleasure.",Sam Taylor-Johnson,Kelly Marcel,"Drama, Romance, Thriller","$571,000,000.00",2h 5m,"$40,000,000.00",English,11,18,58
155,Inside Out,2015,79,"When 11-year-old Riley moves to a new city, her Emotions team up to help her through the transition. Joy, Fear, Anger, Disgust and Sadness work together, but when Joy and Sadness get lost, they must journey through unfamiliar places to get back home.",Pete Docter,Pete Docter,"Animation, Family, Adventure, Drama, Comedy","$857,611,174.00",1h 35m,"$175,000,000.00",English,6,65,208
156,Sonic the Hedgehog 3,2024,0,"Sonic, Knuckles, and Tails reunite against a powerful new adversary, Shadow, a mysterious villain with powers unlike anything they have faced before. With their abilities outmatched in every way, Team Sonic must seek out an unlikely alliance in hopes of stopping Shadow and protecting the planet.",Jeff Fowler,Pat Casey,"Science Fiction, Family, Comedy, Action, Adventure",-,N/A,"$225,000,000.00",English,3,42,40
157,The Dark Knight,2008,85,"Batman raises the stakes in his war on crime. With the help of Lt. Jim Gordon and District Attorney Harvey Dent, Batman sets out to dismantle the remaining criminal organizations that plague the streets. The partnership proves to be effective, but they soon find themselves prey to a reign of chaos unleashed by a rising criminal mastermind known to the terrified citizens of Gotham as the Joker.",Christopher Nolan,Christopher Nolan,"Drama, Action, Crime, Thriller","$1,004,558,444.00",2h 32m,"$185,000,000.00",English,8,97,203
158,The Lord of the Rings: The Return of the King,2003,85,"As armies mass for a final battle that will decide the fate of the world--and powerful, ancient forces of Light and Dark compete to determine the outcome--one member of the Fellowship of the Ring is revealed as the noble heir to the throne of the Kings of Men. Yet, the sole hope for triumph over evil lies with a brave hobbit, Frodo, who, accompanied by his loyal friend Sam and the hideous, wretched Gollum, ventures deep into the very dark heart of Mordor on his seemingly impossible quest to destroy the Ring of Power.​",Peter Jackson,Peter Jackson,"Adventure, Fantasy, Action","$1,118,888,979.00",3h 21m,"$94,000,000.00",English,9,84,267
159,Harry Potter and the Chamber of Secrets,2002,77,"Cars fly, trees fight back, and a mysterious house-elf comes to warn Harry Potter at the start of his second year at Hogwarts. Adventure and danger await when bloody writing on a wall announces: The Chamber Of Secrets Has Been Opened. To save Hogwarts will require all of Harry, Ron and Hermione’s magical abilities and courage.",Chris Columbus,Steve Kloves,"Adventure, Fantasy","$876,688,482.00",2h 41m,"$100,000,000.00",English,25,88,172
160,Justice,2024,71,"A young detective seeks the help of a discharged police officer, giving him the chance to reclaim his old life in exchange for solving a bank raid case.",Michał Gazda,N/A,"Crime, Drama",-,1h 54m,-,Polish,1,6,23
161,Avatar: The Way of Water,2022,76,"Set more than a decade after the events of the first film, learn the story of the Sully family (Jake, Neytiri, and their kids), the trouble that follows them, the lengths they go to keep each other safe, the battles they fight to stay alive, and the tragedies they endure.",James Cameron,James Cameron,"Science Fiction, Adventure, Action","$2,320,250,281.00",3h 12m,"$460,000,000.00",English,65,111,421
162,Alice in Terrorland,2023,60,"A recently bereaved teenage girl goes to live with her aunt in a secluded woodland house, unaware that sinister forces lurk within.",Richard John Taylor,N/A,"Horror, Thriller",-,1h 17m,-,English,1,6,9
163,Darkness of Man,2024,67,"Russell Hatch, an Interpol operative who takes on the role of father figure to Jayden, the son of an informant killed in a routine raid gone wrong. Years later, Hatch finds himself protecting Jayden and his grandfather from a group of merciless gangs in an all-out turf war, stopping at nothing to protect Jayden and fight anyone getting in his way.",James Cullen Bressack,N/A,Action,-,1h 48m,"$5,000,000.00",English,3,17,26
164,Pirates of the Caribbean: The Curse of the Black Pearl,2003,78,"After Port Royal is attacked and pillaged by a mysterious pirate crew, capturing the governor's daughter Elizabeth Swann in the process, William Turner asks free-willing pirate Jack Sparrow to help him locate the crew's ship—The Black Pearl—so that he can rescue the woman he loves.",Gore Verbinski,Ted Elliott,"Adventure, Fantasy, Action","$655,011,224.00",2h 23m,"$140,000,000.00",English,1,55,181
165,The Lord of the Rings: The Fellowship of the Ring,2001,84,"Young hobbit Frodo Baggins, after inheriting a mysterious ring from his uncle Bilbo, must leave his home in order to keep it from falling into the hands of its evil creator. Along the way, a fellowship is formed to protect the ringbearer and make sure that the ring arrives at its final destination: Mt. Doom, the only place where it can be destroyed.",Peter Jackson,Peter Jackson,"Adventure, Fantasy, Action","$871,368,364.00",2h 59m,"$93,000,000.00",English,9,94,240
166,The Well,2024,58,A young restorer travels to a small village to restore a medieval painting to its former glory. She will put her life in danger due to a curse attached to the painting.,Federico Zampaglione,N/A,Horror,-,1h 31m,-,English,1,10,13
167,Reagan,2024,66,"Told through the voice of former KGB agent Viktor Petrovich, whose life becomes inextricably linked with Ronald Reagan's when Reagan first caught the Soviets’ attention as an actor in Hollywood, Reagan overcomes the odds to become the 40th president of the United States.",Sean McNamara,Howard Klausner,"Drama, History","$29,024,816.00",2h 16m,"$25,000,000.00",English,1,13,16
168,Cuckoo,2024,57,"After reluctantly moving to the German Alps with her father and his new family, Gretchen discovers that their new town hides sinister secrets, as she's plagued by strange noises and frightening visions of a woman pursuing her.",Tilman Singer,N/A,"Horror, Mystery, Science Fiction","$6,470,705.00",1h 43m,"$7,000,000.00",English,10,32,32
169,Shrek,2001,77,"It ain't easy bein' green -- especially if you're a likable (albeit smelly) ogre named Shrek. On a mission to retrieve a gorgeous princess from the clutches of a fire-breathing dragon, Shrek teams up with an unlikely compatriot -- a wisecracking donkey.",Andrew Adamson,N/A,"Animation, Comedy, Fantasy, Adventure, Family","$488,628,188.00",1h 30m,"$60,000,000.00",English,5,42,102
170,The Killer,2024,66,"Zee is a feared contract killer known as ""the Queen of the Dead,"" but when she refuses to murder a young blind woman, she finds herself hunted both by criminal colleagues and a determined police detective.",John Woo,Brian Helgeland,"Action, Thriller, Crime",-,2h 6m,"$30,000,000.00",English,1,23,23
171,The Exorcism,2024,50,"A troubled actor begins to unravel while shooting a supernatural horror film, leading his estranged daughter to wonder if he's slipping back into his past addictions or if there's something more sinister at play.",Joshua John Miller,N/A,"Horror, Thriller","$6,354,317.00",1h 36m,"$22,000,000.00",English,4,25,63
172,Freddy's Fridays,2023,48,"A detective begins to investigate a series of mysterious murders that are connected to a demonic book that brings dolls to life. As the body count begins to rise, the detective soon learns the curse of the demonic Friday and must find a way to stop it before any others disappear.",Ben J. Williams,N/A,Horror,-,1h 17m,-,English,1,3,4
173,Puss in Boots: The Last Wish,2022,82,"Puss in Boots discovers that his passion for adventure has taken its toll: He has burned through eight of his nine lives, leaving him with only one life left. Puss sets out on an epic journey to find the mythical Last Wish and restore his nine lives.",Joel Crawford,Tommy Swerdlow,"Animation, Adventure, Fantasy, Comedy, Family","$484,700,000.00",1h 43m,"$90,000,000.00",English,18,88,207
174,Sonic the Hedgehog 2,2022,75,"After settling in Green Hills, Sonic is eager to prove he has what it takes to be a true hero. His test comes when Dr. Robotnik returns, this time with a new partner, Knuckles, in search for an emerald that has the power to destroy civilizations. Sonic teams up with his own sidekick, Tails, and together they embark on a globe-trotting journey to find the emerald before it falls into the wrong hands.",Jeff Fowler,Pat Casey,"Action, Adventure, Family, Comedy","$405,421,518.00",2h 3m,"$110,000,000.00",English,27,55,237
175,The Hobbit: The Battle of the Five Armies,2014,73,"Immediately after the events of The Desolation of Smaug, Bilbo and the dwarves try to defend Erebor's mountain of treasure from others who claim it: the men of the ruined Laketown and the elves of Mirkwood. Meanwhile an army of Orcs led by Azog the Defiler is marching on Erebor, fueled by the rise of the dark lord Sauron. Dwarves, elves and men must unite, and the hope for Middle-Earth falls into Bilbo's hands.",Peter Jackson,Peter Jackson,"Action, Adventure, Fantasy","$956,019,788.00",2h 24m,"$250,000,000.00",English,4,49,240
176,Summer Camp,2024,52,"Childhood best friends Nora, Ginny and Mary used to spend every summer at sleepaway camp together, and now, fifty years later, seize the opportunity to get back together for a reunion at the camp — full of food fights, river rafting and emotional revelations.",Castille Landon,N/A,Comedy,"$2,402,245.00",1h 36m,"$10,000,000.00",English,1,11,28
177,The Chronicles of Libidoists,2024,43,"The story unfolds with an allegorical inspiration from the well-known fairy tale, The Little Mermaid, in which the mermaid princess falls in love with the prince it saves from drowning, with a surprising twist of the mermaid being a young boy…",Yang Ya-che,N/A,Drama,-,1h 45m,-,Chinese,0,2,9
178,Interstellar,2014,84,The adventures of a group of explorers who make use of a newly discovered wormhole to surpass the limitations on human space travel and conquer the vast distances involved in an interstellar voyage.,Christopher Nolan,N/A,"Adventure, Drama, Science Fiction","$701,729,206.00",2h 49m,"$165,000,000.00",English,40,119,206
179,Elemental,2023,76,"In a city where fire, water, land and air residents live together, a fiery young woman and a go-with-the-flow guy will discover something elemental: how much they have in common.",Peter Sohn,Kat Likkel,"Animation, Comedy, Family, Fantasy, Romance","$496,000,000.00",1h 42m,"$200,000,000.00",English,21,77,332
180,Private Collections,1979,52,"Three stories. A solitary sailor falls from his boat and washes ashore on a tropical island. While seeking rescue, he's found by a nearly naked woman who is playful and compliant. He decides to erase his signs of distress and remain on the island. What awaits?  In the second, an adolescent searches for the words of a nursery rime he remembers bits of. His journey takes him into dreams, sexual awakening, and Oedipal fantasy.  Third, a man of wealth in late-nineteenth century Paris hires a prostitute for the night. She's also cabaret performer and takes him to her room. He fears he's about to be robbed. What's her secret?",Shūji Terayama,Shūji Terayama,"Drama, Romance",-,1h 43m,-,French,1,0,1
181,The Bus of Life,2024,69,"Andrés, a music teacher diagnosed with cancer, seeks treatment at a hospital in the city. His travels there on a singular, dilapidated bus accompanied by other cancer patients. It soon becomes an extraordinary experience, giving him new friends and a far more joyous understanding of life. He also learns to conquer his fears, such as the stage fright which has frustrated a budding career as a musician.",Ibon Cormenzana,N/A,"Comedy, Drama",-,1h 38m,-,Spanish; Castilian,0,2,5
182,Alien,1979,82,"During its return to the earth, commercial spaceship Nostromo intercepts a distress signal from a distant planet. When a three-member team of the crew discovers a chamber containing thousands of eggs on the planet, a creature inside one of the eggs attacks an explorer. The entire crew is unaware of the impending nightmare set to descend upon them when the alien parasite planted inside its unfortunate host is birthed.",Ridley Scott,Dan O'Bannon,"Horror, Science Fiction","$104,931,801.00",1h 57m,"$11,000,000.00",English,32,132,278
183,Cinderella's Curse,2024,50,"Desperate Cinderella summons her fairy godmother from an ancient flesh-bound book, seeking revenge on her evil stepmother and stepsisters who abuse and torment her daily.",Louisa Warren,N/A,"Horror, Fantasy","$47,300.00",1h 22m,-,English,1,2,13
184,Busty Girlfriend,2019,71,"Mincheol and Suhee go to greet Minchul father (grandmother) before marriage. Dae - sik welcomes her daughter - in - law, Su - hee. But before marriage, Minchol and Suhee are separated by the difference in personality. Soon-hee, who was only preparing for marriage, is soon to live.",Junsei,N/A,Romance,-,1h 11m,-,Korean,0,1,1
185,The Batman,2022,77,"In his second year of fighting crime, Batman uncovers corruption in Gotham City that connects to his own family while facing a serial killer known as the Riddler.",Matt Reeves,N/A,"Crime, Mystery, Thriller","$771,000,000.00",2h 57m,"$185,000,000.00",English,37,147,358
186,Woman of the Hour,2024,68,"The true story of an aspiring actor in 1970s Los Angeles and a serial killer in the midst of a years-long murder spree, whose lives intersect when they're cast on an episode of The Dating Game.",Anna Kendrick,N/A,"Crime, Drama, Thriller",-,1h 34m,-,English,6,36,47
187,Tarot,2024,66,"When a group of friends recklessly violate the sacred rule of Tarot readings, they unknowingly unleash an unspeakable evil trapped within the cursed cards. One by one, they come face to face with fate and end up in a race against death.",Spenser Cohen,Spenser Cohen,Horror,"$48,027,934.00",1h 32m,"$8,000,000.00",English,11,35,79
188,Pirates of the Caribbean: Dead Man's Chest,2006,74,Captain Jack Sparrow works his way out of a blood debt with the ghostly Davy Jones to avoid eternal damnation.,Gore Verbinski,Ted Elliott,"Adventure, Fantasy, Action","$1,065,700,000.00",2h 31m,"$200,000,000.00",English,5,44,143
189,The Boy and the Heron,2023,75,"While the Second World War rages, the teenage Mahito, haunted by his mother's tragic death, is relocated from Tokyo to the serene rural home of his new stepmother Natsuko, a woman who bears a striking resemblance to the boy's mother. As he tries to adjust, this strange new world grows even stranger following the appearance of a persistent gray heron, who perplexes and bedevils Mahito, dubbing him the ""long-awaited one.""",Hayao Miyazaki,N/A,"Animation, Adventure, Fantasy, Family, Drama","$294,200,000.00",2h 4m,"$50,000,000.00",Japanese,17,73,221
190,Cars 3,2017,69,"Blindsided by a new generation of blazing-fast racers, the legendary Lightning McQueen is suddenly pushed out of the sport he loves. To get back in the game, he will need the help of an eager young race technician with her own plan to win, inspiration from the late Fabulous Hudson Hornet, and a few unexpected turns. Proving that #95 isn't through yet will test the heart of a champion on Piston Cup Racing’s biggest stage!",Brian Fee,Mike Rich,"Family, Animation, Adventure, Comedy","$383,925,276.00",1h 42m,"$175,000,000.00",English,3,49,185
191,The Fall Guy,2024,72,"Fresh off an almost career-ending accident, stuntman Colt Seavers has to track down a missing movie star, solve a conspiracy and try to win back the love of his life while still doing his day job.",David Leitch,N/A,"Action, Comedy","$181,035,480.00",2h 6m,"$125,000,000.00",English,23,157,209
192,Oppenheimer,2023,81,The story of J. Robert Oppenheimer's role in the development of the atomic bomb during World War II.,Christopher Nolan,N/A,"Drama, History","$952,000,000.00",3h 1m,"$100,000,000.00",English,51,90,193
193,Beezel,2024,66,"Over six tumultuous decades, three unwitting guests of a cursed New England home stumble upon a sinister secret dwelling beneath its floors - an eternal witch with an insatiable thirst for the souls of the living.",Aaron Fradkin,N/A,"Horror, Thriller",-,1h 22m,-,English,1,4,4
194,My Spy The Eternal City,2024,67,"JJ, a veteran CIA agent, reunites with his protégé Sophie, in order to prevent a catastrophic nuclear plot targeting the Vatican.",Peter Segal,Erich Hoeber,"Action, Comedy",-,1h 52m,-,English,5,20,59
195,Duchess,2024,63,"A tough, working-class petty criminal is drawn into the treacherous world of diamond smuggling and morphs into an anti-heroine to be reckoned with in the murky underworld.",Neil Marshall,N/A,"Action, Crime, Thriller",-,1h 53m,-,English,6,4,7
196,Alienoid,2022,68,"Gurus in the late Goryeo dynasty try to obtain a fabled, holy sword, and humans in 2022 hunt down an alien prisoner that is locked in a human's body. The two parties cross paths when a time-traveling portal opens up.",Choi Dong-hoon,N/A,"Science Fiction, Action, Fantasy, Adventure","$12,109,608.00",2h 22m,"$24,500,000.00",Korean,8,50,51
197,No Way Up,2024,64,Characters from different backgrounds are thrown together when the plane they're travelling on crashes into the Pacific Ocean. A nightmare fight for survival ensues with the air supply running out and dangers creeping in from all sides.,Claudio Fäh,N/A,"Thriller, Horror, Action",-,1h 30m,-,English,2,22,37
198,Mayhem!,2023,67,"Sam is a professional boxer about to get released from prison. While on parole, his past catches up with him and he has no choice but to flee. Five years later, he has rebuilt a simple life on an exotic island in Thailand with his wife and her daughter, but when he gets blackmailed by a dangerous local godfather, he must embark on a dangerous drug smuggling mission which results in a tragedy. Now he has only one purpose: to seek merciless vengeance.",Xavier Gens,N/A,"Action, Crime, Drama","$1,500,000.00",1h 39m,"$4,920,000.00",French,5,6,21
199,Something in the Water,2024,60,"After lesbian couple Meg and Kayla split following a traumatic homophobic incident, their three friends are intent on mending the rift during the wedding of Lizzie at a paradise resort. But a pre-wedding boat excursion turns to disaster and the wedding breakfast is likely to be the five girls!",Hayley Easton Street,N/A,"Thriller, Horror",-,1h 26m,-,English,2,41,28
